{
  "openfpga": {
    "default": null,
    "area": null,
    "performance": 2.7809999999999997
  },
  "vivado": {
    "default": null,
    "area": 12.482,
    "performance": 12.482000000000001
  },
  "quartus": {
    "default": null,
    "area": null,
    "performance": 9.632
  },
  "diamond": {
    "default": null,
    "area": 9.004999999999999,
    "performance": 9.004999999999999
  }
}