{
  "openfpga": {
    "default": null,
    "area": null,
    "performance": null
  },
  "vivado": {
    "default": null,
    "area": 29.544999999999998,
    "performance": 27.176000000000002
  },
  "quartus": {
    "default": null,
    "area": 36.39394897460939,
    "performance": 26.775000000000002
  },
  "diamond": {
    "default": null,
    "area": null,
    "performance": 55.281499999999994
  }
}